--
-- PostgreSQL database dump
--

-- Dumped from database version 12.17 (Ubuntu 12.17-1.pgdg22.04+1)
-- Dumped by pg_dump version 12.17 (Ubuntu 12.17-1.pgdg22.04+1)

SET statement_timeout = 0;
SET lock_timeout = 0;
SET idle_in_transaction_session_timeout = 0;
SET client_encoding = 'UTF8';
SET standard_conforming_strings = on;
SELECT pg_catalog.set_config('search_path', '', false);
SET check_function_bodies = false;
SET xmloption = content;
SET client_min_messages = warning;
SET row_security = off;

DROP DATABASE universe;
--
-- Name: universe; Type: DATABASE; Schema: -; Owner: freecodecamp
--

CREATE DATABASE universe WITH TEMPLATE = template0 ENCODING = 'UTF8' LC_COLLATE = 'C.UTF-8' LC_CTYPE = 'C.UTF-8';


ALTER DATABASE universe OWNER TO freecodecamp;

\connect universe

SET statement_timeout = 0;
SET lock_timeout = 0;
SET idle_in_transaction_session_timeout = 0;
SET client_encoding = 'UTF8';
SET standard_conforming_strings = on;
SELECT pg_catalog.set_config('search_path', '', false);
SET check_function_bodies = false;
SET xmloption = content;
SET client_min_messages = warning;
SET row_security = off;

SET default_tablespace = '';

SET default_table_access_method = heap;

--
-- Name: asteroids; Type: TABLE; Schema: public; Owner: freecodecamp
--

CREATE TABLE public.asteroids (
    asteroids_id integer NOT NULL,
    name character varying(50) NOT NULL,
    orbiting_body character varying(20),
    size_in_kms integer
);


ALTER TABLE public.asteroids OWNER TO freecodecamp;

--
-- Name: asteroids_asteroid_id_seq; Type: SEQUENCE; Schema: public; Owner: freecodecamp
--

CREATE SEQUENCE public.asteroids_asteroid_id_seq
    AS integer
    START WITH 1
    INCREMENT BY 1
    NO MINVALUE
    NO MAXVALUE
    CACHE 1;


ALTER TABLE public.asteroids_asteroid_id_seq OWNER TO freecodecamp;

--
-- Name: asteroids_asteroid_id_seq; Type: SEQUENCE OWNED BY; Schema: public; Owner: freecodecamp
--

ALTER SEQUENCE public.asteroids_asteroid_id_seq OWNED BY public.asteroids.asteroids_id;


--
-- Name: galaxy; Type: TABLE; Schema: public; Owner: freecodecamp
--

CREATE TABLE public.galaxy (
    galaxy_id integer NOT NULL,
    name character varying(30) NOT NULL,
    description text,
    age_in_million_years numeric,
    has_black_hole boolean DEFAULT false
);


ALTER TABLE public.galaxy OWNER TO freecodecamp;

--
-- Name: galaxy_galaxy_id_seq; Type: SEQUENCE; Schema: public; Owner: freecodecamp
--

CREATE SEQUENCE public.galaxy_galaxy_id_seq
    AS integer
    START WITH 1
    INCREMENT BY 1
    NO MINVALUE
    NO MAXVALUE
    CACHE 1;


ALTER TABLE public.galaxy_galaxy_id_seq OWNER TO freecodecamp;

--
-- Name: galaxy_galaxy_id_seq; Type: SEQUENCE OWNED BY; Schema: public; Owner: freecodecamp
--

ALTER SEQUENCE public.galaxy_galaxy_id_seq OWNED BY public.galaxy.galaxy_id;


--
-- Name: moon; Type: TABLE; Schema: public; Owner: freecodecamp
--

CREATE TABLE public.moon (
    moon_id integer NOT NULL,
    name character varying(50) NOT NULL,
    planet_id integer,
    diameter_in_kms numeric,
    is_captured boolean DEFAULT false
);


ALTER TABLE public.moon OWNER TO freecodecamp;

--
-- Name: moon_moon_id_seq; Type: SEQUENCE; Schema: public; Owner: freecodecamp
--

CREATE SEQUENCE public.moon_moon_id_seq
    AS integer
    START WITH 1
    INCREMENT BY 1
    NO MINVALUE
    NO MAXVALUE
    CACHE 1;


ALTER TABLE public.moon_moon_id_seq OWNER TO freecodecamp;

--
-- Name: moon_moon_id_seq; Type: SEQUENCE OWNED BY; Schema: public; Owner: freecodecamp
--

ALTER SEQUENCE public.moon_moon_id_seq OWNED BY public.moon.moon_id;


--
-- Name: planet; Type: TABLE; Schema: public; Owner: freecodecamp
--

CREATE TABLE public.planet (
    planet_id integer NOT NULL,
    name character varying(50) NOT NULL,
    star_id integer,
    distance_from_star numeric,
    distance_from_earth numeric
);


ALTER TABLE public.planet OWNER TO freecodecamp;

--
-- Name: planet_planet_id_seq; Type: SEQUENCE; Schema: public; Owner: freecodecamp
--

CREATE SEQUENCE public.planet_planet_id_seq
    AS integer
    START WITH 1
    INCREMENT BY 1
    NO MINVALUE
    NO MAXVALUE
    CACHE 1;


ALTER TABLE public.planet_planet_id_seq OWNER TO freecodecamp;

--
-- Name: planet_planet_id_seq; Type: SEQUENCE OWNED BY; Schema: public; Owner: freecodecamp
--

ALTER SEQUENCE public.planet_planet_id_seq OWNED BY public.planet.planet_id;


--
-- Name: star; Type: TABLE; Schema: public; Owner: freecodecamp
--

CREATE TABLE public.star (
    star_id integer NOT NULL,
    name character varying(30) NOT NULL,
    galaxy_id integer,
    mass_in_solar_masses integer,
    is_red_giant boolean DEFAULT false
);


ALTER TABLE public.star OWNER TO freecodecamp;

--
-- Name: star_star_id_seq; Type: SEQUENCE; Schema: public; Owner: freecodecamp
--

CREATE SEQUENCE public.star_star_id_seq
    AS integer
    START WITH 1
    INCREMENT BY 1
    NO MINVALUE
    NO MAXVALUE
    CACHE 1;


ALTER TABLE public.star_star_id_seq OWNER TO freecodecamp;

--
-- Name: star_star_id_seq; Type: SEQUENCE OWNED BY; Schema: public; Owner: freecodecamp
--

ALTER SEQUENCE public.star_star_id_seq OWNED BY public.star.star_id;


--
-- Name: asteroids asteroids_id; Type: DEFAULT; Schema: public; Owner: freecodecamp
--

ALTER TABLE ONLY public.asteroids ALTER COLUMN asteroids_id SET DEFAULT nextval('public.asteroids_asteroid_id_seq'::regclass);


--
-- Name: galaxy galaxy_id; Type: DEFAULT; Schema: public; Owner: freecodecamp
--

ALTER TABLE ONLY public.galaxy ALTER COLUMN galaxy_id SET DEFAULT nextval('public.galaxy_galaxy_id_seq'::regclass);


--
-- Name: moon moon_id; Type: DEFAULT; Schema: public; Owner: freecodecamp
--

ALTER TABLE ONLY public.moon ALTER COLUMN moon_id SET DEFAULT nextval('public.moon_moon_id_seq'::regclass);


--
-- Name: planet planet_id; Type: DEFAULT; Schema: public; Owner: freecodecamp
--

ALTER TABLE ONLY public.planet ALTER COLUMN planet_id SET DEFAULT nextval('public.planet_planet_id_seq'::regclass);


--
-- Name: star star_id; Type: DEFAULT; Schema: public; Owner: freecodecamp
--

ALTER TABLE ONLY public.star ALTER COLUMN star_id SET DEFAULT nextval('public.star_star_id_seq'::regclass);


--
-- Data for Name: asteroids; Type: TABLE DATA; Schema: public; Owner: freecodecamp
--

INSERT INTO public.asteroids VALUES (7, 'Ceres', NULL, NULL);
INSERT INTO public.asteroids VALUES (8, 'Vesta', NULL, NULL);
INSERT INTO public.asteroids VALUES (9, 'Pallas', NULL, NULL);
INSERT INTO public.asteroids VALUES (10, 'Hygiea', NULL, NULL);


--
-- Data for Name: galaxy; Type: TABLE DATA; Schema: public; Owner: freecodecamp
--

INSERT INTO public.galaxy VALUES (1, 'Milky Way', NULL, NULL, false);
INSERT INTO public.galaxy VALUES (2, 'Andromeda', NULL, NULL, false);
INSERT INTO public.galaxy VALUES (3, 'Triangulum', NULL, NULL, false);
INSERT INTO public.galaxy VALUES (4, 'Sombrero', NULL, NULL, false);
INSERT INTO public.galaxy VALUES (5, 'Pinwheel', NULL, NULL, false);
INSERT INTO public.galaxy VALUES (6, 'Whirlpool', NULL, NULL, false);


--
-- Data for Name: moon; Type: TABLE DATA; Schema: public; Owner: freecodecamp
--

INSERT INTO public.moon VALUES (18, 'Miranda', 7, NULL, false);
INSERT INTO public.moon VALUES (19, 'Enceladus', 6, NULL, false);
INSERT INTO public.moon VALUES (20, 'Mimas', 6, NULL, false);
INSERT INTO public.moon VALUES (1, 'Ganymede', 5, 5268, false);
INSERT INTO public.moon VALUES (2, 'Callisto', 5, 4821, false);
INSERT INTO public.moon VALUES (3, 'Io', 5, 3643, false);
INSERT INTO public.moon VALUES (4, 'Europa', 5, 3121, false);
INSERT INTO public.moon VALUES (5, 'Titan', 6, 5150, false);
INSERT INTO public.moon VALUES (6, 'Rhea', 6, 1527, false);
INSERT INTO public.moon VALUES (7, 'Lapetus', 6, 1471, false);
INSERT INTO public.moon VALUES (8, 'Dione', 6, 1123, false);
INSERT INTO public.moon VALUES (9, 'Titania', 7, 1578, false);
INSERT INTO public.moon VALUES (10, 'Oberon', 7, 1523, false);
INSERT INTO public.moon VALUES (11, 'Ariel', 7, 1158, false);
INSERT INTO public.moon VALUES (12, 'Umbriel', 7, 1169, false);
INSERT INTO public.moon VALUES (13, 'Triton', 8, 2710, false);
INSERT INTO public.moon VALUES (14, 'Proteus', 8, 420, false);
INSERT INTO public.moon VALUES (15, 'Luna', 3, 3474, false);
INSERT INTO public.moon VALUES (16, 'Phobos', 4, 22.4, false);
INSERT INTO public.moon VALUES (17, 'Deimos', 4, 12.4, false);


--
-- Data for Name: planet; Type: TABLE DATA; Schema: public; Owner: freecodecamp
--

INSERT INTO public.planet VALUES (1, 'Mercury', 1, NULL, NULL);
INSERT INTO public.planet VALUES (2, 'Venus', 1, NULL, NULL);
INSERT INTO public.planet VALUES (3, 'Earth', 1, NULL, NULL);
INSERT INTO public.planet VALUES (4, 'Mars', 1, NULL, NULL);
INSERT INTO public.planet VALUES (5, 'Jupiter', 1, NULL, NULL);
INSERT INTO public.planet VALUES (6, 'Saturn', 1, NULL, NULL);
INSERT INTO public.planet VALUES (7, 'Uranus', 1, NULL, NULL);
INSERT INTO public.planet VALUES (8, 'Neptune', 1, NULL, NULL);
INSERT INTO public.planet VALUES (9, 'Sirius b', 2, NULL, NULL);
INSERT INTO public.planet VALUES (10, 'Betelguese 1', 3, NULL, NULL);
INSERT INTO public.planet VALUES (11, 'Rigel 1', 4, NULL, NULL);
INSERT INTO public.planet VALUES (12, 'Vega 1', 6, NULL, NULL);


--
-- Data for Name: star; Type: TABLE DATA; Schema: public; Owner: freecodecamp
--

INSERT INTO public.star VALUES (1, 'sun', 1, NULL, false);
INSERT INTO public.star VALUES (2, 'Sirius', 1, NULL, false);
INSERT INTO public.star VALUES (3, 'Betelguese', 1, NULL, false);
INSERT INTO public.star VALUES (4, 'Rigel', 2, NULL, false);
INSERT INTO public.star VALUES (5, 'Deneb', 3, NULL, false);
INSERT INTO public.star VALUES (6, 'Vega', 1, NULL, false);


--
-- Name: asteroids_asteroid_id_seq; Type: SEQUENCE SET; Schema: public; Owner: freecodecamp
--

SELECT pg_catalog.setval('public.asteroids_asteroid_id_seq', 10, true);


--
-- Name: galaxy_galaxy_id_seq; Type: SEQUENCE SET; Schema: public; Owner: freecodecamp
--

SELECT pg_catalog.setval('public.galaxy_galaxy_id_seq', 6, true);


--
-- Name: moon_moon_id_seq; Type: SEQUENCE SET; Schema: public; Owner: freecodecamp
--

SELECT pg_catalog.setval('public.moon_moon_id_seq', 72, true);


--
-- Name: planet_planet_id_seq; Type: SEQUENCE SET; Schema: public; Owner: freecodecamp
--

SELECT pg_catalog.setval('public.planet_planet_id_seq', 12, true);


--
-- Name: star_star_id_seq; Type: SEQUENCE SET; Schema: public; Owner: freecodecamp
--

SELECT pg_catalog.setval('public.star_star_id_seq', 6, true);


--
-- Name: asteroids asteroids_orbiting_body_key; Type: CONSTRAINT; Schema: public; Owner: freecodecamp
--

ALTER TABLE ONLY public.asteroids
    ADD CONSTRAINT asteroids_orbiting_body_key UNIQUE (orbiting_body);


--
-- Name: asteroids asteroids_pkey; Type: CONSTRAINT; Schema: public; Owner: freecodecamp
--

ALTER TABLE ONLY public.asteroids
    ADD CONSTRAINT asteroids_pkey PRIMARY KEY (asteroids_id);


--
-- Name: galaxy galaxy_pkey; Type: CONSTRAINT; Schema: public; Owner: freecodecamp
--

ALTER TABLE ONLY public.galaxy
    ADD CONSTRAINT galaxy_pkey PRIMARY KEY (galaxy_id);


--
-- Name: moon moon_pkey; Type: CONSTRAINT; Schema: public; Owner: freecodecamp
--

ALTER TABLE ONLY public.moon
    ADD CONSTRAINT moon_pkey PRIMARY KEY (moon_id);


--
-- Name: planet planet_pkey; Type: CONSTRAINT; Schema: public; Owner: freecodecamp
--

ALTER TABLE ONLY public.planet
    ADD CONSTRAINT planet_pkey PRIMARY KEY (planet_id);


--
-- Name: star star_pkey; Type: CONSTRAINT; Schema: public; Owner: freecodecamp
--

ALTER TABLE ONLY public.star
    ADD CONSTRAINT star_pkey PRIMARY KEY (star_id);


--
-- Name: galaxy unique_galaxy_name; Type: CONSTRAINT; Schema: public; Owner: freecodecamp
--

ALTER TABLE ONLY public.galaxy
    ADD CONSTRAINT unique_galaxy_name UNIQUE (name);


--
-- Name: moon unique_moon_name_per_plaet; Type: CONSTRAINT; Schema: public; Owner: freecodecamp
--

ALTER TABLE ONLY public.moon
    ADD CONSTRAINT unique_moon_name_per_plaet UNIQUE (name, planet_id);


--
-- Name: planet unique_planet_name_star; Type: CONSTRAINT; Schema: public; Owner: freecodecamp
--

ALTER TABLE ONLY public.planet
    ADD CONSTRAINT unique_planet_name_star UNIQUE (name, star_id);


--
-- Name: star unique_star_name_per_galaxy; Type: CONSTRAINT; Schema: public; Owner: freecodecamp
--

ALTER TABLE ONLY public.star
    ADD CONSTRAINT unique_star_name_per_galaxy UNIQUE (name, galaxy_id);


--
-- Name: asteroids uniqueasteroids_name; Type: CONSTRAINT; Schema: public; Owner: freecodecamp
--

ALTER TABLE ONLY public.asteroids
    ADD CONSTRAINT uniqueasteroids_name UNIQUE (name);


--
-- Name: moon moon_planet_id_fkey; Type: FK CONSTRAINT; Schema: public; Owner: freecodecamp
--

ALTER TABLE ONLY public.moon
    ADD CONSTRAINT moon_planet_id_fkey FOREIGN KEY (planet_id) REFERENCES public.planet(planet_id);


--
-- Name: planet planet_star_id_fkey; Type: FK CONSTRAINT; Schema: public; Owner: freecodecamp
--

ALTER TABLE ONLY public.planet
    ADD CONSTRAINT planet_star_id_fkey FOREIGN KEY (star_id) REFERENCES public.star(star_id);


--
-- Name: star star_galaxy_id_fkey; Type: FK CONSTRAINT; Schema: public; Owner: freecodecamp
--

ALTER TABLE ONLY public.star
    ADD CONSTRAINT star_galaxy_id_fkey FOREIGN KEY (galaxy_id) REFERENCES public.galaxy(galaxy_id);


--
-- PostgreSQL database dump complete
--

